{"cameraMode":{"drawMode":0,"name":"Shaded","section":"Shading Mode"},"sceneLighting":false,"audioPlay":false,"sceneViewState":{"m_AlwaysRefresh":false,"showFog":true,"showSkybox":false,"showFlares":true,"showImageEffects":true,"showParticleSystems":true,"showVisualEffectGraphs":true,"m_FxEnabled":true},"in2DMode":false,"pivot":{"x":-0.00012194435839774087,"y":-0.42062774300575259,"z":0.01412913203239441},"rotation":{"x":-0.7024370431900024,"y":0.00042671660776250064,"z":-0.0004196720547042787,"w":-0.7117538452148438},"size":0.38778263330459597,"orthographic":false}